{
    "total_runtime": 114.42615675926208,
    "num_documents": 4,
    "input_load_time": 0,
    "workflows": {
        "create_base_text_units": {
            "overall": 0.2302107810974121,
            "0_orderby": 0.0026504993438720703,
            "1_zip": 0.0029807090759277344,
            "2_aggregate_override": 0.004687309265136719,
            "3_chunk": 0.17736339569091797,
            "4_select": 0.003626108169555664,
            "5_unroll": 0.0048389434814453125,
            "6_rename": 0.00395512580871582,
            "7_genid": 0.0046558380126953125,
            "8_unzip": 0.005002737045288086,
            "9_copy": 0.004563331604003906,
            "10_filter": 0.013620138168334961
        },
        "create_base_extracted_entities": {
            "overall": 76.6559796333313,
            "0_entity_extract": 76.62387084960938,
            "1_snapshot": 0.006658077239990234,
            "2_merge_graphs": 0.013468742370605469,
            "3_snapshot_rows": 0.006562709808349609
        },
        "create_summarized_entities": {
            "overall": 6.772598505020142,
            "0_summarize_descriptions": 6.759109020233154,
            "1_snapshot_rows": 0.007302999496459961
        },
        "create_base_entity_graph": {
            "overall": 0.0494077205657959,
            "0_cluster_graph": 0.017998218536376953,
            "1_snapshot_rows": 0.008056402206420898,
            "2_snapshot_rows": 0.007918834686279297,
            "3_select": 0.008386611938476562
        },
        "create_final_entities": {
            "overall": 5.990598440170288,
            "0_unpack_graph": 0.011119842529296875,
            "1_rename": 0.008412361145019531,
            "2_select": 0.008741140365600586,
            "3_dedupe": 0.009312152862548828,
            "4_rename": 0.009392261505126953,
            "5_filter": 0.022226333618164062,
            "6_text_split": 0.010902166366577148,
            "7_drop": 0.010403871536254883,
            "8_merge": 0.020739078521728516,
            "9_text_embed": 5.8346147537231445,
            "10_drop": 0.011296272277832031,
            "11_filter": 0.02516484260559082
        },
        "create_final_nodes": {
            "overall": 0.2245941162109375,
            "0_layout_graph": 0.021061182022094727,
            "1_unpack_graph": 0.014347314834594727,
            "2_unpack_graph": 0.014782190322875977,
            "3_drop": 0.012430906295776367,
            "4_filter": 0.02948474884033203,
            "5_select": 0.013624429702758789,
            "6_snapshot": 0.014197349548339844,
            "7_rename": 0.013547897338867188,
            "8_join": 0.01886272430419922,
            "9_convert": 0.045703887939453125,
            "10_rename": 0.014876604080200195
        },
        "create_final_communities": {
            "overall": 0.31569457054138184,
            "0_unpack_graph": 0.01778554916381836,
            "1_unpack_graph": 0.017153263092041016,
            "2_aggregate_override": 0.017761945724487305,
            "3_join": 0.021223783493041992,
            "4_join": 0.020955562591552734,
            "5_concat": 0.01686692237854004,
            "6_filter": 0.03784990310668945,
            "7_aggregate_override": 0.019467592239379883,
            "8_join": 0.02219390869140625,
            "9_filter": 0.03703927993774414,
            "10_fill": 0.017500638961791992,
            "11_merge": 0.017902135848999023,
            "12_copy": 0.017797470092773438,
            "13_select": 0.018820524215698242
        },
        "join_text_units_to_entity_ids": {
            "overall": 0.07900571823120117,
            "0_select": 0.018934011459350586,
            "1_unroll": 0.019321203231811523,
            "2_aggregate_override": 0.0218966007232666
        },
        "create_final_relationships": {
            "overall": 0.2576730251312256,
            "0_unpack_graph": 0.02222132682800293,
            "1_filter": 0.0425417423248291,
            "2_rename": 0.020237207412719727,
            "3_filter": 0.04327392578125,
            "4_drop": 0.02071547508239746,
            "5_compute_edge_combined_degree": 0.024207592010498047,
            "6_convert": 0.04325723648071289,
            "7_convert": 0.021633386611938477
        },
        "join_text_units_to_relationship_ids": {
            "overall": 0.1185908317565918,
            "0_select": 0.022962093353271484,
            "1_unroll": 0.023785829544067383,
            "2_aggregate_override": 0.02520298957824707,
            "3_select": 0.02393794059753418
        },
        "create_final_community_reports": {
            "overall": 20.258612394332886,
            "0_prepare_community_reports_nodes": 0.02546405792236328,
            "1_prepare_community_reports_edges": 0.025215864181518555,
            "2_restore_community_hierarchy": 0.027527332305908203,
            "3_prepare_community_reports": 0.045366764068603516,
            "4_create_community_reports": 20.085336685180664,
            "5_window": 0.025633811950683594
        },
        "create_final_text_units": {
            "overall": 0.2136225700378418,
            "0_select": 0.02567768096923828,
            "1_rename": 0.04802513122558594,
            "2_join": 0.029372692108154297,
            "3_join": 0.030346393585205078,
            "4_aggregate_override": 0.028215646743774414,
            "5_select": 0.0261838436126709
        },
        "create_base_documents": {
            "overall": 0.32618117332458496,
            "0_unroll": 0.028956890106201172,
            "1_select": 0.027846574783325195,
            "2_rename": 0.02833414077758789,
            "3_join": 0.03203725814819336,
            "4_aggregate_override": 0.03007197380065918,
            "5_join": 0.033204078674316406,
            "6_rename": 0.029102325439453125,
            "7_convert": 0.0889275074005127
        },
        "create_final_documents": {
            "overall": 0.05960226058959961,
            "0_rename": 0.029885292053222656
        }
    }
}